customer_id,beneficial_owner_id,ownership_pct,ubo_25pct_flag,pep_flag,adverse_media_flag
CUST10001,CUST10001-BO1,45.2,1,0,1
CUST10001,CUST10001-BO2,32.1,1,0,0
CUST10001,CUST10001-BO3,22.7,0,0,0
CUST10002,CUST10002-BO1,11.3,0,0,0
CUST10002,CUST10002-BO2,2.9,0,0,0
CUST10002,CUST10002-BO3,85.9,1,0,0
CUST10007,CUST10007-BO1,100.0,1,0,0
CUST10011,CUST10011-BO1,56.5,1,0,0
CUST10011,CUST10011-BO2,9.7,0,0,0
CUST10011,CUST10011-BO3,2.8,0,0,0
CUST10011,CUST10011-BO4,31.1,1,0,0
CUST10012,CUST10012-BO1,47.4,1,0,0
CUST10012,CUST10012-BO2,12.0,0,0,0
CUST10012,CUST10012-BO3,31.8,1,0,0
CUST10012,CUST10012-BO4,8.7,0,1,0
CUST10025,CUST10025-BO1,13.9,0,0,0
CUST10025,CUST10025-BO2,63.2,1,0,0
CUST10025,CUST10025-BO3,7.5,0,0,0
CUST10025,CUST10025-BO4,15.4,0,0,0
CUST10033,CUST10033-BO1,86.9,1,0,0
CUST10033,CUST10033-BO2,2.1,0,0,0
CUST10033,CUST10033-BO3,8.5,0,0,0
CUST10033,CUST10033-BO4,2.5,0,0,0
CUST10034,CUST10034-BO1,66.8,1,0,0
CUST10034,CUST10034-BO2,16.6,0,0,0
CUST10034,CUST10034-BO3,5.3,0,0,0
CUST10034,CUST10034-BO4,11.3,0,0,0
CUST10035,CUST10035-BO1,100.0,1,0,1
CUST10043,CUST10043-BO1,100.0,1,0,0
CUST10050,CUST10050-BO1,2.6,0,0,0
CUST10050,CUST10050-BO2,21.4,0,0,0
CUST10050,CUST10050-BO3,44.3,1,0,0
CUST10050,CUST10050-BO4,31.7,1,0,0
CUST10051,CUST10051-BO1,33.9,1,0,0
CUST10051,CUST10051-BO2,48.8,1,0,0
CUST10051,CUST10051-BO3,17.4,0,0,0
CUST10052,CUST10052-BO1,100.0,1,1,0
CUST10053,CUST10053-BO1,100.0,1,0,0
CUST10055,CUST10055-BO1,15.9,0,0,0
CUST10055,CUST10055-BO2,13.6,0,0,0
CUST10055,CUST10055-BO3,70.5,1,0,0
CUST10062,CUST10062-BO1,100.0,1,0,0
CUST10067,CUST10067-BO1,86.2,1,0,0
CUST10067,CUST10067-BO2,13.8,0,0,0
CUST10069,CUST10069-BO1,100.0,1,0,0
CUST10070,CUST10070-BO1,100.0,1,0,0
CUST10073,CUST10073-BO1,100.0,1,0,0
CUST10075,CUST10075-BO1,100.0,1,0,1
CUST10076,CUST10076-BO1,18.2,0,0,0
CUST10076,CUST10076-BO2,5.2,0,0,0
CUST10076,CUST10076-BO3,59.7,1,0,0
CUST10076,CUST10076-BO4,16.9,0,0,0
CUST10080,CUST10080-BO1,74.2,1,0,0
CUST10080,CUST10080-BO2,22.1,0,0,0
CUST10080,CUST10080-BO3,3.6,0,0,0
CUST10086,CUST10086-BO1,16.6,0,0,0
CUST10086,CUST10086-BO2,25.0,0,0,0
CUST10086,CUST10086-BO3,58.4,1,0,1
CUST10088,CUST10088-BO1,24.6,0,0,1
CUST10088,CUST10088-BO2,75.4,1,0,0
CUST10092,CUST10092-BO1,17.5,0,0,0
CUST10092,CUST10092-BO2,32.5,1,0,0
CUST10092,CUST10092-BO3,50.0,1,0,0
CUST10094,CUST10094-BO1,17.1,0,0,0
CUST10094,CUST10094-BO2,82.9,1,0,0
CUST10104,CUST10104-BO1,65.8,1,0,0
CUST10104,CUST10104-BO2,31.7,1,0,0
CUST10104,CUST10104-BO3,2.5,0,0,0
CUST10107,CUST10107-BO1,52.3,1,0,0
CUST10107,CUST10107-BO2,0.7,0,0,0
CUST10107,CUST10107-BO3,47.1,1,0,0
CUST10112,CUST10112-BO1,35.1,1,0,0
CUST10112,CUST10112-BO2,64.9,1,0,0
CUST10113,CUST10113-BO1,100.0,1,0,0
CUST10115,CUST10115-BO1,100.0,1,1,0
CUST10116,CUST10116-BO1,79.4,1,0,0
CUST10116,CUST10116-BO2,20.6,0,0,0
CUST10118,CUST10118-BO1,75.3,1,0,0
CUST10118,CUST10118-BO2,15.6,0,0,0
CUST10118,CUST10118-BO3,9.1,0,0,0
CUST10120,CUST10120-BO1,8.0,0,0,0
CUST10120,CUST10120-BO2,86.8,1,0,0
CUST10120,CUST10120-BO3,5.1,0,0,1
CUST10121,CUST10121-BO1,24.2,0,0,0
CUST10121,CUST10121-BO2,17.5,0,0,0
CUST10121,CUST10121-BO3,18.9,0,0,0
CUST10121,CUST10121-BO4,39.4,1,0,0
CUST10126,CUST10126-BO1,9.0,0,0,0
CUST10126,CUST10126-BO2,35.0,1,0,0
CUST10126,CUST10126-BO3,56.0,1,0,0
CUST10127,CUST10127-BO1,14.7,0,0,0
CUST10127,CUST10127-BO2,15.5,0,0,1
CUST10127,CUST10127-BO3,69.8,1,0,1
CUST10134,CUST10134-BO1,15.8,0,0,0
CUST10134,CUST10134-BO2,84.2,1,0,0
CUST10139,CUST10139-BO1,28.6,1,0,0
CUST10139,CUST10139-BO2,17.8,0,0,0
CUST10139,CUST10139-BO3,53.7,1,0,1
CUST10140,CUST10140-BO1,73.6,1,0,0
CUST10140,CUST10140-BO2,5.4,0,0,0
CUST10140,CUST10140-BO3,2.5,0,0,0
CUST10140,CUST10140-BO4,18.5,0,0,0
CUST10150,CUST10150-BO1,1.2,0,0,0
CUST10150,CUST10150-BO2,48.1,1,1,1
CUST10150,CUST10150-BO3,41.2,1,1,0
CUST10150,CUST10150-BO4,9.5,0,0,0
CUST10154,CUST10154-BO1,44.2,1,0,0
CUST10154,CUST10154-BO2,55.8,1,0,0
CUST10157,CUST10157-BO1,11.7,0,0,0
CUST10157,CUST10157-BO2,23.5,0,0,0
CUST10157,CUST10157-BO3,42.8,1,0,0
CUST10157,CUST10157-BO4,22.0,0,0,0
CUST10159,CUST10159-BO1,3.5,0,0,0
CUST10159,CUST10159-BO2,24.4,0,0,0
CUST10159,CUST10159-BO3,72.2,1,0,0
CUST10165,CUST10165-BO1,33.4,1,0,0
CUST10165,CUST10165-BO2,48.8,1,0,0
CUST10165,CUST10165-BO3,17.9,0,0,0
CUST10178,CUST10178-BO1,39.5,1,0,0
CUST10178,CUST10178-BO2,16.0,0,0,1
CUST10178,CUST10178-BO3,39.2,1,0,0
CUST10178,CUST10178-BO4,5.3,0,0,1
CUST10182,CUST10182-BO1,100.0,1,0,0
CUST10183,CUST10183-BO1,27.3,1,0,1
CUST10183,CUST10183-BO2,29.9,1,0,0
CUST10183,CUST10183-BO3,42.8,1,0,0
CUST10186,CUST10186-BO1,57.1,1,0,0
CUST10186,CUST10186-BO2,26.1,1,0,0
CUST10186,CUST10186-BO3,16.9,0,0,0
CUST10191,CUST10191-BO1,100.0,1,0,0
CUST10192,CUST10192-BO1,24.8,0,1,0
CUST10192,CUST10192-BO2,75.2,1,0,0
CUST10196,CUST10196-BO1,6.8,0,0,0
CUST10196,CUST10196-BO2,51.7,1,0,1
CUST10196,CUST10196-BO3,41.5,1,0,0
CUST10197,CUST10197-BO1,13.0,0,0,0
CUST10197,CUST10197-BO2,10.2,0,0,0
CUST10197,CUST10197-BO3,37.9,1,0,0
CUST10197,CUST10197-BO4,38.9,1,0,0
CUST10198,CUST10198-BO1,16.4,0,0,0
CUST10198,CUST10198-BO2,33.8,1,0,0
CUST10198,CUST10198-BO3,30.4,1,1,0
CUST10198,CUST10198-BO4,19.4,0,0,1
CUST10199,CUST10199-BO1,20.5,0,0,0
CUST10199,CUST10199-BO2,5.0,0,1,0
CUST10199,CUST10199-BO3,64.5,1,0,0
CUST10199,CUST10199-BO4,9.9,0,0,0
CUST10203,CUST10203-BO1,24.9,0,0,0
CUST10203,CUST10203-BO2,75.1,1,0,0
CUST10217,CUST10217-BO1,8.0,0,0,0
CUST10217,CUST10217-BO2,92.0,1,0,1
CUST10219,CUST10219-BO1,100.0,1,0,0
CUST10226,CUST10226-BO1,2.9,0,0,0
CUST10226,CUST10226-BO2,41.9,1,0,0
CUST10226,CUST10226-BO3,27.3,1,0,0
CUST10226,CUST10226-BO4,27.9,1,0,0
CUST10228,CUST10228-BO1,100.0,1,0,0
CUST10230,CUST10230-BO1,24.2,0,0,0
CUST10230,CUST10230-BO2,75.8,1,0,0
CUST10235,CUST10235-BO1,29.8,1,1,0
CUST10235,CUST10235-BO2,27.2,1,0,0
CUST10235,CUST10235-BO3,3.9,0,0,0
CUST10235,CUST10235-BO4,39.1,1,0,0
CUST10240,CUST10240-BO1,20.0,0,0,0
CUST10240,CUST10240-BO2,24.9,0,0,0
CUST10240,CUST10240-BO3,48.4,1,0,1
CUST10240,CUST10240-BO4,6.6,0,0,0
CUST10241,CUST10241-BO1,77.4,1,0,0
CUST10241,CUST10241-BO2,22.6,0,0,0
CUST10242,CUST10242-BO1,28.5,1,0,0
CUST10242,CUST10242-BO2,15.0,0,0,1
CUST10242,CUST10242-BO3,56.5,1,0,0
CUST10245,CUST10245-BO1,6.3,0,0,0
CUST10245,CUST10245-BO2,17.3,0,0,0
CUST10245,CUST10245-BO3,4.1,0,0,0
CUST10245,CUST10245-BO4,72.3,1,0,0
CUST10247,CUST10247-BO1,53.9,1,0,0
CUST10247,CUST10247-BO2,46.1,1,0,0
CUST10248,CUST10248-BO1,100.0,1,0,0
CUST10249,CUST10249-BO1,10.6,0,0,0
CUST10249,CUST10249-BO2,7.9,0,0,0
CUST10249,CUST10249-BO3,81.5,1,0,0
CUST10252,CUST10252-BO1,22.9,0,0,0
CUST10252,CUST10252-BO2,54.2,1,0,0
CUST10252,CUST10252-BO3,21.8,0,0,0
CUST10252,CUST10252-BO4,1.1,0,0,0
CUST10256,CUST10256-BO1,17.5,0,1,1
CUST10256,CUST10256-BO2,55.1,1,0,0
CUST10256,CUST10256-BO3,7.0,0,0,0
CUST10256,CUST10256-BO4,20.3,0,0,0
CUST10261,CUST10261-BO1,100.0,1,1,0
CUST10264,CUST10264-BO1,33.7,1,0,0
CUST10264,CUST10264-BO2,23.6,0,0,0
CUST10264,CUST10264-BO3,42.7,1,0,0
CUST10265,CUST10265-BO1,26.6,1,0,0
CUST10265,CUST10265-BO2,8.9,0,0,0
CUST10265,CUST10265-BO3,45.0,1,0,0
CUST10265,CUST10265-BO4,19.4,0,0,0
CUST10270,CUST10270-BO1,27.4,1,0,0
CUST10270,CUST10270-BO2,18.9,0,0,0
CUST10270,CUST10270-BO3,53.8,1,0,0
CUST10271,CUST10271-BO1,40.4,1,0,0
CUST10271,CUST10271-BO2,16.6,0,0,0
CUST10271,CUST10271-BO3,42.9,1,0,0
CUST10272,CUST10272-BO1,27.1,1,0,0
CUST10272,CUST10272-BO2,72.9,1,0,0
CUST10273,CUST10273-BO1,54.2,1,0,0
CUST10273,CUST10273-BO2,1.3,0,0,0
CUST10273,CUST10273-BO3,18.1,0,0,0
CUST10273,CUST10273-BO4,26.5,1,0,0
CUST10276,CUST10276-BO1,11.5,0,0,0
CUST10276,CUST10276-BO2,88.5,1,0,0
CUST10279,CUST10279-BO1,46.8,1,0,0
CUST10279,CUST10279-BO2,17.8,0,0,0
CUST10279,CUST10279-BO3,35.5,1,0,0
CUST10280,CUST10280-BO1,46.0,1,0,0
CUST10280,CUST10280-BO2,33.1,1,0,0
CUST10280,CUST10280-BO3,21.0,0,0,0
CUST10292,CUST10292-BO1,50.3,1,0,0
CUST10292,CUST10292-BO2,1.7,0,0,0
CUST10292,CUST10292-BO3,35.8,1,0,0
CUST10292,CUST10292-BO4,12.1,0,0,0
CUST10296,CUST10296-BO1,2.1,0,0,0
CUST10296,CUST10296-BO2,36.9,1,0,0
CUST10296,CUST10296-BO3,61.0,1,1,0
CUST10304,CUST10304-BO1,18.7,0,0,0
CUST10304,CUST10304-BO2,11.5,0,0,0
CUST10304,CUST10304-BO3,29.2,1,0,0
CUST10304,CUST10304-BO4,40.6,1,0,0
CUST10305,CUST10305-BO1,3.3,0,0,1
CUST10305,CUST10305-BO2,96.7,1,0,0
CUST10308,CUST10308-BO1,43.2,1,0,0
CUST10308,CUST10308-BO2,43.1,1,0,1
CUST10308,CUST10308-BO3,13.7,0,0,0
CUST10313,CUST10313-BO1,22.3,0,0,0
CUST10313,CUST10313-BO2,18.9,0,0,0
CUST10313,CUST10313-BO3,24.1,0,0,0
CUST10313,CUST10313-BO4,34.7,1,0,0
CUST10314,CUST10314-BO1,100.0,1,0,0
CUST10324,CUST10324-BO1,32.0,1,0,0
CUST10324,CUST10324-BO2,34.6,1,0,0
CUST10324,CUST10324-BO3,24.1,0,1,0
CUST10324,CUST10324-BO4,9.3,0,1,0
CUST10325,CUST10325-BO1,100.0,1,0,0
CUST10331,CUST10331-BO1,4.5,0,0,0
CUST10331,CUST10331-BO2,95.5,1,0,0
CUST10336,CUST10336-BO1,57.3,1,0,0
CUST10336,CUST10336-BO2,22.2,0,0,0
CUST10336,CUST10336-BO3,6.0,0,0,0
CUST10336,CUST10336-BO4,14.5,0,0,0
CUST10351,CUST10351-BO1,100.0,1,0,1
CUST10358,CUST10358-BO1,81.7,1,0,0
CUST10358,CUST10358-BO2,18.3,0,0,0
CUST10364,CUST10364-BO1,21.6,0,0,0
CUST10364,CUST10364-BO2,7.4,0,0,0
CUST10364,CUST10364-BO3,22.7,0,0,0
CUST10364,CUST10364-BO4,48.3,1,0,0
CUST10366,CUST10366-BO1,33.6,1,0,0
CUST10366,CUST10366-BO2,40.3,1,0,0
CUST10366,CUST10366-BO3,26.1,1,0,1
CUST10367,CUST10367-BO1,60.0,1,0,0
CUST10367,CUST10367-BO2,28.6,1,1,0
CUST10367,CUST10367-BO3,11.4,0,0,0
CUST10376,CUST10376-BO1,14.4,0,0,0
CUST10376,CUST10376-BO2,73.9,1,0,0
CUST10376,CUST10376-BO3,11.7,0,0,0
CUST10378,CUST10378-BO1,65.4,1,0,0
CUST10378,CUST10378-BO2,33.2,1,0,0
CUST10378,CUST10378-BO3,1.4,0,0,0
CUST10383,CUST10383-BO1,40.9,1,0,0
CUST10383,CUST10383-BO2,25.6,1,0,0
CUST10383,CUST10383-BO3,33.4,1,0,0
CUST10384,CUST10384-BO1,65.8,1,0,1
CUST10384,CUST10384-BO2,0.9,0,0,0
CUST10384,CUST10384-BO3,19.7,0,0,0
CUST10384,CUST10384-BO4,13.5,0,0,0
CUST10385,CUST10385-BO1,1.1,0,0,0
CUST10385,CUST10385-BO2,46.9,1,0,0
CUST10385,CUST10385-BO3,9.3,0,0,0
CUST10385,CUST10385-BO4,42.7,1,0,0
CUST10388,CUST10388-BO1,100.0,1,0,0
CUST10389,CUST10389-BO1,35.4,1,0,0
CUST10389,CUST10389-BO2,31.3,1,0,0
CUST10389,CUST10389-BO3,33.2,1,0,0
CUST10390,CUST10390-BO1,30.2,1,0,0
CUST10390,CUST10390-BO2,69.8,1,0,0
CUST10393,CUST10393-BO1,19.7,0,0,0
CUST10393,CUST10393-BO2,2.7,0,0,0
CUST10393,CUST10393-BO3,0.7,0,0,0
CUST10393,CUST10393-BO4,77.0,1,0,0
CUST10395,CUST10395-BO1,44.8,1,0,0
CUST10395,CUST10395-BO2,55.2,1,0,0
CUST10396,CUST10396-BO1,3.1,0,0,0
CUST10396,CUST10396-BO2,89.0,1,0,1
CUST10396,CUST10396-BO3,7.9,0,0,0
CUST10398,CUST10398-BO1,100.0,1,0,0
CUST10399,CUST10399-BO1,100.0,1,0,0
CUST10401,CUST10401-BO1,45.9,1,0,1
CUST10401,CUST10401-BO2,9.3,0,0,0
CUST10401,CUST10401-BO3,39.1,1,0,0
CUST10401,CUST10401-BO4,5.6,0,0,0
CUST10403,CUST10403-BO1,64.0,1,0,0
CUST10403,CUST10403-BO2,36.0,1,1,0
CUST10405,CUST10405-BO1,43.9,1,0,0
CUST10405,CUST10405-BO2,9.2,0,0,0
CUST10405,CUST10405-BO3,14.1,0,1,1
CUST10405,CUST10405-BO4,32.8,1,0,1
CUST10408,CUST10408-BO1,70.8,1,0,0
CUST10408,CUST10408-BO2,15.6,0,0,0
CUST10408,CUST10408-BO3,13.6,0,0,1
CUST10411,CUST10411-BO1,24.8,0,0,0
CUST10411,CUST10411-BO2,75.2,1,0,0
CUST10412,CUST10412-BO1,3.1,0,0,1
CUST10412,CUST10412-BO2,75.8,1,0,0
CUST10412,CUST10412-BO3,21.1,0,0,0
CUST10419,CUST10419-BO1,5.3,0,0,0
CUST10419,CUST10419-BO2,38.5,1,0,0
CUST10419,CUST10419-BO3,56.2,1,0,0
CUST10420,CUST10420-BO1,79.4,1,0,0
CUST10420,CUST10420-BO2,7.8,0,0,1
CUST10420,CUST10420-BO3,12.8,0,0,0
CUST10421,CUST10421-BO1,16.2,0,0,0
CUST10421,CUST10421-BO2,83.8,1,0,0
CUST10427,CUST10427-BO1,57.3,1,1,0
CUST10427,CUST10427-BO2,42.7,1,0,0
CUST10431,CUST10431-BO1,32.0,1,0,0
CUST10431,CUST10431-BO2,44.8,1,0,0
CUST10431,CUST10431-BO3,23.2,0,0,0
CUST10437,CUST10437-BO1,100.0,1,0,0
CUST10441,CUST10441-BO1,11.1,0,0,0
CUST10441,CUST10441-BO2,77.1,1,0,0
CUST10441,CUST10441-BO3,6.6,0,0,0
CUST10441,CUST10441-BO4,5.2,0,0,0
CUST10444,CUST10444-BO1,22.1,0,0,0
CUST10444,CUST10444-BO2,77.9,1,0,1
CUST10445,CUST10445-BO1,6.4,0,0,0
CUST10445,CUST10445-BO2,41.7,1,0,0
CUST10445,CUST10445-BO3,3.6,0,0,0
CUST10445,CUST10445-BO4,48.3,1,0,0
CUST10446,CUST10446-BO1,8.3,0,0,0
CUST10446,CUST10446-BO2,86.1,1,0,0
CUST10446,CUST10446-BO3,5.6,0,0,0
CUST10447,CUST10447-BO1,1.3,0,0,0
CUST10447,CUST10447-BO2,29.6,1,0,0
CUST10447,CUST10447-BO3,25.2,1,0,0
CUST10447,CUST10447-BO4,43.8,1,0,0
CUST10450,CUST10450-BO1,69.2,1,0,0
CUST10450,CUST10450-BO2,14.9,0,0,0
CUST10450,CUST10450-BO3,15.9,0,0,0
CUST10453,CUST10453-BO1,20.0,0,0,0
CUST10453,CUST10453-BO2,67.6,1,1,0
CUST10453,CUST10453-BO3,12.5,0,0,0
CUST10462,CUST10462-BO1,19.8,0,0,0
CUST10462,CUST10462-BO2,32.9,1,0,0
CUST10462,CUST10462-BO3,1.7,0,0,0
CUST10462,CUST10462-BO4,45.7,1,0,0
CUST10464,CUST10464-BO1,47.6,1,0,0
CUST10464,CUST10464-BO2,13.3,0,0,0
CUST10464,CUST10464-BO3,32.7,1,0,1
CUST10464,CUST10464-BO4,6.4,0,0,1
CUST10467,CUST10467-BO1,6.1,0,0,0
CUST10467,CUST10467-BO2,13.0,0,0,0
CUST10467,CUST10467-BO3,5.4,0,0,0
CUST10467,CUST10467-BO4,75.5,1,1,0
CUST10469,CUST10469-BO1,2.3,0,0,0
CUST10469,CUST10469-BO2,38.4,1,0,1
CUST10469,CUST10469-BO3,41.3,1,1,0
CUST10469,CUST10469-BO4,18.0,0,0,1
CUST10471,CUST10471-BO1,40.9,1,0,0
CUST10471,CUST10471-BO2,52.7,1,0,0
CUST10471,CUST10471-BO3,6.4,0,0,0
CUST10473,CUST10473-BO1,2.1,0,0,0
CUST10473,CUST10473-BO2,8.0,0,0,0
CUST10473,CUST10473-BO3,89.9,1,0,0
CUST10475,CUST10475-BO1,6.0,0,0,0
CUST10475,CUST10475-BO2,4.8,0,0,0
CUST10475,CUST10475-BO3,81.6,1,0,0
CUST10475,CUST10475-BO4,7.6,0,0,0
CUST10478,CUST10478-BO1,51.5,1,0,0
CUST10478,CUST10478-BO2,14.0,0,0,0
CUST10478,CUST10478-BO3,15.4,0,0,0
CUST10478,CUST10478-BO4,19.1,0,1,0
CUST10485,CUST10485-BO1,33.4,1,0,0
CUST10485,CUST10485-BO2,62.4,1,0,0
CUST10485,CUST10485-BO3,4.2,0,0,0
CUST10488,CUST10488-BO1,18.4,0,0,0
CUST10488,CUST10488-BO2,81.6,1,0,0
CUST10489,CUST10489-BO1,2.4,0,0,1
CUST10489,CUST10489-BO2,97.6,1,0,0
CUST10498,CUST10498-BO1,100.0,1,1,1
CUST10499,CUST10499-BO1,69.5,1,0,0
CUST10499,CUST10499-BO2,30.5,1,0,0
CUST10503,CUST10503-BO1,100.0,1,0,0
CUST10506,CUST10506-BO1,100.0,1,0,0
CUST10507,CUST10507-BO1,30.0,1,0,0
CUST10507,CUST10507-BO2,15.1,0,0,0
CUST10507,CUST10507-BO3,45.7,1,0,0
CUST10507,CUST10507-BO4,9.2,0,0,0
CUST10508,CUST10508-BO1,13.9,0,0,0
CUST10508,CUST10508-BO2,59.8,1,0,0
CUST10508,CUST10508-BO3,26.3,1,0,0
CUST10509,CUST10509-BO1,58.2,1,0,0
CUST10509,CUST10509-BO2,41.8,1,0,0
CUST10512,CUST10512-BO1,28.2,1,0,0
CUST10512,CUST10512-BO2,67.7,1,0,0
CUST10512,CUST10512-BO3,4.1,0,0,0
CUST10513,CUST10513-BO1,44.6,1,0,0
CUST10513,CUST10513-BO2,13.2,0,0,0
CUST10513,CUST10513-BO3,42.1,1,0,0
CUST10517,CUST10517-BO1,20.6,0,0,1
CUST10517,CUST10517-BO2,44.6,1,0,0
CUST10517,CUST10517-BO3,0.1,0,0,0
CUST10517,CUST10517-BO4,34.6,1,0,0
CUST10518,CUST10518-BO1,12.8,0,0,0
CUST10518,CUST10518-BO2,74.8,1,0,0
CUST10518,CUST10518-BO3,12.3,0,0,0
CUST10522,CUST10522-BO1,100.0,1,0,0
CUST10523,CUST10523-BO1,13.1,0,0,0
CUST10523,CUST10523-BO2,28.5,1,0,0
CUST10523,CUST10523-BO3,58.4,1,0,0
CUST10524,CUST10524-BO1,48.4,1,0,1
CUST10524,CUST10524-BO2,51.6,1,0,0
CUST10529,CUST10529-BO1,72.0,1,0,0
CUST10529,CUST10529-BO2,4.6,0,0,0
CUST10529,CUST10529-BO3,23.4,0,0,1
CUST10530,CUST10530-BO1,100.0,1,0,0
CUST10531,CUST10531-BO1,44.6,1,0,0
CUST10531,CUST10531-BO2,17.5,0,0,0
CUST10531,CUST10531-BO3,0.8,0,0,0
CUST10531,CUST10531-BO4,37.0,1,0,0
CUST10532,CUST10532-BO1,44.7,1,0,0
CUST10532,CUST10532-BO2,13.6,0,0,0
CUST10532,CUST10532-BO3,8.8,0,0,1
CUST10532,CUST10532-BO4,32.9,1,0,0
CUST10534,CUST10534-BO1,21.7,0,0,0
CUST10534,CUST10534-BO2,78.3,1,0,0
CUST10535,CUST10535-BO1,100.0,1,0,0
CUST10536,CUST10536-BO1,100.0,1,1,0
CUST10540,CUST10540-BO1,13.7,0,1,0
CUST10540,CUST10540-BO2,18.3,0,0,0
CUST10540,CUST10540-BO3,37.6,1,0,1
CUST10540,CUST10540-BO4,30.4,1,0,0
CUST10549,CUST10549-BO1,100.0,1,0,0
CUST10551,CUST10551-BO1,54.0,1,0,0
CUST10551,CUST10551-BO2,18.8,0,0,0
CUST10551,CUST10551-BO3,27.3,1,0,0
CUST10554,CUST10554-BO1,85.5,1,0,0
CUST10554,CUST10554-BO2,14.5,0,0,0
CUST10558,CUST10558-BO1,100.0,1,0,0
CUST10568,CUST10568-BO1,61.5,1,0,1
CUST10568,CUST10568-BO2,38.5,1,0,0
CUST10571,CUST10571-BO1,19.8,0,0,0
CUST10571,CUST10571-BO2,18.9,0,0,0
CUST10571,CUST10571-BO3,4.1,0,0,0
CUST10571,CUST10571-BO4,57.1,1,0,0
CUST10574,CUST10574-BO1,52.3,1,0,0
CUST10574,CUST10574-BO2,16.2,0,0,0
CUST10574,CUST10574-BO3,31.5,1,0,0
CUST10575,CUST10575-BO1,23.9,0,0,0
CUST10575,CUST10575-BO2,76.1,1,0,0
CUST10577,CUST10577-BO1,85.3,1,0,0
CUST10577,CUST10577-BO2,2.8,0,0,0
CUST10577,CUST10577-BO3,11.9,0,0,0
CUST10581,CUST10581-BO1,100.0,1,0,0
CUST10594,CUST10594-BO1,5.0,0,0,0
CUST10594,CUST10594-BO2,95.0,1,0,0
CUST10611,CUST10611-BO1,100.0,1,0,0
CUST10614,CUST10614-BO1,93.7,1,0,0
CUST10614,CUST10614-BO2,6.3,0,1,0
CUST10615,CUST10615-BO1,40.6,1,0,0
CUST10615,CUST10615-BO2,38.7,1,0,0
CUST10615,CUST10615-BO3,11.2,0,0,0
CUST10615,CUST10615-BO4,9.4,0,0,0
CUST10618,CUST10618-BO1,36.0,1,0,0
CUST10618,CUST10618-BO2,47.0,1,0,0
CUST10618,CUST10618-BO3,17.0,0,0,0
CUST10619,CUST10619-BO1,100.0,1,0,0
CUST10627,CUST10627-BO1,80.4,1,0,0
CUST10627,CUST10627-BO2,15.5,0,1,0
CUST10627,CUST10627-BO3,4.1,0,0,0
CUST10631,CUST10631-BO1,12.3,0,0,0
CUST10631,CUST10631-BO2,7.6,0,0,0
CUST10631,CUST10631-BO3,21.7,0,0,0
CUST10631,CUST10631-BO4,58.4,1,0,0
CUST10645,CUST10645-BO1,100.0,1,0,0
CUST10648,CUST10648-BO1,53.2,1,0,0
CUST10648,CUST10648-BO2,34.5,1,0,0
CUST10648,CUST10648-BO3,12.3,0,1,0
CUST10653,CUST10653-BO1,29.6,1,0,0
CUST10653,CUST10653-BO2,50.3,1,0,0
CUST10653,CUST10653-BO3,12.1,0,0,0
CUST10653,CUST10653-BO4,8.0,0,0,1
CUST10661,CUST10661-BO1,13.3,0,0,0
CUST10661,CUST10661-BO2,41.8,1,1,0
CUST10661,CUST10661-BO3,14.3,0,0,0
CUST10661,CUST10661-BO4,30.6,1,0,0
CUST10671,CUST10671-BO1,14.7,0,0,0
CUST10671,CUST10671-BO2,83.4,1,0,0
CUST10671,CUST10671-BO3,1.8,0,0,0
CUST10671,CUST10671-BO4,0.1,0,0,0
CUST10675,CUST10675-BO1,87.9,1,0,0
CUST10675,CUST10675-BO2,12.1,0,0,0
CUST10678,CUST10678-BO1,0.6,0,0,0
CUST10678,CUST10678-BO2,99.4,1,0,0
CUST10679,CUST10679-BO1,52.3,1,0,1
CUST10679,CUST10679-BO2,0.7,0,0,0
CUST10679,CUST10679-BO3,9.2,0,1,1
CUST10679,CUST10679-BO4,37.8,1,0,1
CUST10680,CUST10680-BO1,48.9,1,0,0
CUST10680,CUST10680-BO2,12.4,0,0,0
CUST10680,CUST10680-BO3,38.7,1,1,0
CUST10684,CUST10684-BO1,34.2,1,0,0
CUST10684,CUST10684-BO2,65.8,1,0,0
CUST10688,CUST10688-BO1,0.5,0,0,0
CUST10688,CUST10688-BO2,78.6,1,0,0
CUST10688,CUST10688-BO3,17.1,0,0,0
CUST10688,CUST10688-BO4,3.8,0,0,0
CUST10705,CUST10705-BO1,75.4,1,0,0
CUST10705,CUST10705-BO2,4.3,0,0,0
CUST10705,CUST10705-BO3,6.3,0,0,0
CUST10705,CUST10705-BO4,14.1,0,0,0
CUST10707,CUST10707-BO1,100.0,1,0,0
CUST10710,CUST10710-BO1,3.2,0,0,0
CUST10710,CUST10710-BO2,28.1,1,0,0
CUST10710,CUST10710-BO3,68.7,1,0,1
CUST10715,CUST10715-BO1,15.8,0,1,0
CUST10715,CUST10715-BO2,4.9,0,0,0
CUST10715,CUST10715-BO3,79.3,1,0,0
CUST10716,CUST10716-BO1,27.1,1,0,0
CUST10716,CUST10716-BO2,72.9,1,0,0
CUST10717,CUST10717-BO1,5.3,0,0,0
CUST10717,CUST10717-BO2,71.9,1,0,1
CUST10717,CUST10717-BO3,22.8,0,0,0
CUST10719,CUST10719-BO1,20.2,0,0,0
CUST10719,CUST10719-BO2,26.3,1,0,0
CUST10719,CUST10719-BO3,53.5,1,0,0
CUST10720,CUST10720-BO1,88.1,1,0,0
CUST10720,CUST10720-BO2,11.9,0,0,0
CUST10723,CUST10723-BO1,100.0,1,0,0
CUST10725,CUST10725-BO1,100.0,1,0,0
CUST10727,CUST10727-BO1,78.0,1,0,0
CUST10727,CUST10727-BO2,22.0,0,0,0
CUST10731,CUST10731-BO1,98.2,1,0,0
CUST10731,CUST10731-BO2,1.8,0,0,1
CUST10735,CUST10735-BO1,66.7,1,0,0
CUST10735,CUST10735-BO2,33.3,1,0,0
CUST10737,CUST10737-BO1,70.4,1,0,1
CUST10737,CUST10737-BO2,29.6,1,0,0
CUST10742,CUST10742-BO1,22.5,0,0,0
CUST10742,CUST10742-BO2,57.4,1,0,0
CUST10742,CUST10742-BO3,4.3,0,0,0
CUST10742,CUST10742-BO4,15.8,0,0,0
CUST10745,CUST10745-BO1,2.5,0,0,0
CUST10745,CUST10745-BO2,31.1,1,0,0
CUST10745,CUST10745-BO3,66.4,1,0,0
CUST10748,CUST10748-BO1,87.1,1,0,0
CUST10748,CUST10748-BO2,12.9,0,0,0
CUST10751,CUST10751-BO1,16.7,0,0,1
CUST10751,CUST10751-BO2,82.9,1,0,0
CUST10751,CUST10751-BO3,0.4,0,0,0
CUST10755,CUST10755-BO1,100.0,1,0,0
CUST10758,CUST10758-BO1,100.0,1,0,0
CUST10759,CUST10759-BO1,17.4,0,0,0
CUST10759,CUST10759-BO2,54.5,1,0,0
CUST10759,CUST10759-BO3,28.1,1,0,1
CUST10763,CUST10763-BO1,49.8,1,0,0
CUST10763,CUST10763-BO2,24.7,0,1,0
CUST10763,CUST10763-BO3,22.3,0,0,0
CUST10763,CUST10763-BO4,3.2,0,0,0
CUST10766,CUST10766-BO1,27.7,1,0,0
CUST10766,CUST10766-BO2,30.4,1,0,0
CUST10766,CUST10766-BO3,38.4,1,0,0
CUST10766,CUST10766-BO4,3.5,0,0,0
CUST10767,CUST10767-BO1,13.4,0,0,0
CUST10767,CUST10767-BO2,9.2,0,0,0
CUST10767,CUST10767-BO3,29.0,1,0,0
CUST10767,CUST10767-BO4,48.4,1,0,0
CUST10769,CUST10769-BO1,100.0,1,0,0
CUST10771,CUST10771-BO1,16.3,0,0,1
CUST10771,CUST10771-BO2,32.2,1,0,0
CUST10771,CUST10771-BO3,49.1,1,0,0
CUST10771,CUST10771-BO4,2.4,0,0,0
CUST10774,CUST10774-BO1,16.3,0,0,0
CUST10774,CUST10774-BO2,83.7,1,0,0
CUST10777,CUST10777-BO1,1.5,0,0,0
CUST10777,CUST10777-BO2,13.2,0,0,0
CUST10777,CUST10777-BO3,58.7,1,0,0
CUST10777,CUST10777-BO4,26.6,1,0,1
CUST10778,CUST10778-BO1,100.0,1,0,0
CUST10785,CUST10785-BO1,100.0,1,0,0
CUST10789,CUST10789-BO1,100.0,1,0,0
CUST10795,CUST10795-BO1,92.9,1,0,0
CUST10795,CUST10795-BO2,7.1,0,0,0
CUST10796,CUST10796-BO1,12.2,0,0,0
CUST10796,CUST10796-BO2,9.9,0,0,0
CUST10796,CUST10796-BO3,52.8,1,0,0
CUST10796,CUST10796-BO4,25.1,1,0,0
CUST10799,CUST10799-BO1,82.7,1,0,0
CUST10799,CUST10799-BO2,17.3,0,0,0
CUST10805,CUST10805-BO1,12.2,0,0,0
CUST10805,CUST10805-BO2,33.6,1,0,0
CUST10805,CUST10805-BO3,48.0,1,1,0
CUST10805,CUST10805-BO4,6.2,0,0,1
CUST10806,CUST10806-BO1,32.4,1,0,0
CUST10806,CUST10806-BO2,67.6,1,0,1
CUST10807,CUST10807-BO1,37.3,1,0,0
CUST10807,CUST10807-BO2,53.0,1,0,0
CUST10807,CUST10807-BO3,9.6,0,0,0
CUST10810,CUST10810-BO1,75.1,1,0,0
CUST10810,CUST10810-BO2,19.1,0,0,0
CUST10810,CUST10810-BO3,5.8,0,0,0
CUST10811,CUST10811-BO1,1.8,0,0,0
CUST10811,CUST10811-BO2,10.5,0,0,0
CUST10811,CUST10811-BO3,17.1,0,0,0
CUST10811,CUST10811-BO4,70.6,1,0,0
CUST10813,CUST10813-BO1,17.0,0,0,0
CUST10813,CUST10813-BO2,83.0,1,0,0
CUST10814,CUST10814-BO1,54.2,1,0,0
CUST10814,CUST10814-BO2,45.8,1,0,0
CUST10820,CUST10820-BO1,13.8,0,0,0
CUST10820,CUST10820-BO2,9.0,0,0,0
CUST10820,CUST10820-BO3,22.2,0,0,0
CUST10820,CUST10820-BO4,55.0,1,0,0
CUST10825,CUST10825-BO1,87.9,1,0,0
CUST10825,CUST10825-BO2,12.1,0,0,0
CUST10828,CUST10828-BO1,8.4,0,0,0
CUST10828,CUST10828-BO2,32.1,1,0,0
CUST10828,CUST10828-BO3,59.5,1,0,0
CUST10836,CUST10836-BO1,21.4,0,0,0
CUST10836,CUST10836-BO2,78.6,1,0,0
CUST10843,CUST10843-BO1,100.0,1,0,0
CUST10847,CUST10847-BO1,42.0,1,0,0
CUST10847,CUST10847-BO2,43.0,1,0,1
CUST10847,CUST10847-BO3,1.1,0,0,0
CUST10847,CUST10847-BO4,13.9,0,0,0
CUST10851,CUST10851-BO1,9.4,0,0,0
CUST10851,CUST10851-BO2,27.3,1,0,1
CUST10851,CUST10851-BO3,3.9,0,0,0
CUST10851,CUST10851-BO4,59.4,1,0,0
CUST10853,CUST10853-BO1,100.0,1,0,0
CUST10860,CUST10860-BO1,5.5,0,0,0
CUST10860,CUST10860-BO2,14.9,0,0,0
CUST10860,CUST10860-BO3,38.3,1,0,0
CUST10860,CUST10860-BO4,41.3,1,0,0
CUST10868,CUST10868-BO1,16.5,0,0,0
CUST10868,CUST10868-BO2,31.5,1,1,1
CUST10868,CUST10868-BO3,52.0,1,0,0
CUST10869,CUST10869-BO1,6.2,0,0,0
CUST10869,CUST10869-BO2,22.0,0,0,0
CUST10869,CUST10869-BO3,37.7,1,0,0
CUST10869,CUST10869-BO4,34.2,1,0,0
CUST10884,CUST10884-BO1,99.2,1,1,0
CUST10884,CUST10884-BO2,0.8,0,0,0
CUST10890,CUST10890-BO1,14.6,0,0,0
CUST10890,CUST10890-BO2,44.7,1,0,0
CUST10890,CUST10890-BO3,17.2,0,0,0
CUST10890,CUST10890-BO4,23.4,0,1,0
CUST10891,CUST10891-BO1,100.0,1,0,0
CUST10892,CUST10892-BO1,83.5,1,0,1
CUST10892,CUST10892-BO2,1.0,0,0,0
CUST10892,CUST10892-BO3,15.5,0,1,0
CUST10897,CUST10897-BO1,32.8,1,0,0
CUST10897,CUST10897-BO2,67.2,1,0,0
CUST10905,CUST10905-BO1,24.3,0,0,0
CUST10905,CUST10905-BO2,25.9,1,0,1
CUST10905,CUST10905-BO3,11.0,0,0,0
CUST10905,CUST10905-BO4,38.8,1,0,0
CUST10906,CUST10906-BO1,17.0,0,0,0
CUST10906,CUST10906-BO2,30.5,1,0,0
CUST10906,CUST10906-BO3,5.9,0,0,0
CUST10906,CUST10906-BO4,46.5,1,0,0
CUST10917,CUST10917-BO1,27.4,1,1,0
CUST10917,CUST10917-BO2,72.6,1,0,0
CUST10918,CUST10918-BO1,81.7,1,0,0
CUST10918,CUST10918-BO2,18.3,0,0,0
CUST10920,CUST10920-BO1,27.0,1,0,0
CUST10920,CUST10920-BO2,8.0,0,0,0
CUST10920,CUST10920-BO3,35.4,1,0,0
CUST10920,CUST10920-BO4,29.6,1,0,0
CUST10922,CUST10922-BO1,67.9,1,0,0
CUST10922,CUST10922-BO2,32.1,1,0,0
CUST10923,CUST10923-BO1,100.0,1,0,0
CUST10931,CUST10931-BO1,29.1,1,0,0
CUST10931,CUST10931-BO2,46.6,1,0,0
CUST10931,CUST10931-BO3,24.3,0,0,0
CUST10932,CUST10932-BO1,22.0,0,0,0
CUST10932,CUST10932-BO2,78.0,1,0,0
CUST10937,CUST10937-BO1,25.7,1,0,0
CUST10937,CUST10937-BO2,74.3,1,0,0
CUST10943,CUST10943-BO1,11.1,0,0,0
CUST10943,CUST10943-BO2,10.6,0,0,0
CUST10943,CUST10943-BO3,14.2,0,0,0
CUST10943,CUST10943-BO4,64.1,1,0,0
CUST10947,CUST10947-BO1,100.0,1,0,0
CUST10948,CUST10948-BO1,100.0,1,0,0
CUST10953,CUST10953-BO1,26.7,1,0,0
CUST10953,CUST10953-BO2,59.3,1,0,0
CUST10953,CUST10953-BO3,13.9,0,1,0
CUST10959,CUST10959-BO1,32.4,1,0,0
CUST10959,CUST10959-BO2,43.5,1,0,0
CUST10959,CUST10959-BO3,15.8,0,0,1
CUST10959,CUST10959-BO4,8.3,0,0,0
CUST10971,CUST10971-BO1,81.1,1,0,0
CUST10971,CUST10971-BO2,18.9,0,0,0
CUST10972,CUST10972-BO1,89.1,1,0,0
CUST10972,CUST10972-BO2,10.9,0,0,0
CUST10981,CUST10981-BO1,100.0,1,0,0
CUST10984,CUST10984-BO1,21.5,0,0,0
CUST10984,CUST10984-BO2,78.5,1,0,0
CUST10989,CUST10989-BO1,100.0,1,0,0
CUST10990,CUST10990-BO1,100.0,1,0,0
CUST10996,CUST10996-BO1,100.0,1,0,0
CUST10998,CUST10998-BO1,43.5,1,0,0
CUST10998,CUST10998-BO2,56.5,1,0,0
CUST11002,CUST11002-BO1,100.0,1,0,0
CUST11003,CUST11003-BO1,43.5,1,0,0
CUST11003,CUST11003-BO2,3.8,0,0,0
CUST11003,CUST11003-BO3,4.1,0,0,0
CUST11003,CUST11003-BO4,48.5,1,0,0
CUST11004,CUST11004-BO1,0.4,0,0,0
CUST11004,CUST11004-BO2,22.2,0,0,0
CUST11004,CUST11004-BO3,32.5,1,0,0
CUST11004,CUST11004-BO4,44.9,1,0,0
CUST11007,CUST11007-BO1,7.2,0,0,0
CUST11007,CUST11007-BO2,69.4,1,0,0
CUST11007,CUST11007-BO3,23.5,0,0,0
CUST11011,CUST11011-BO1,55.2,1,0,0
CUST11011,CUST11011-BO2,44.8,1,0,0
CUST11012,CUST11012-BO1,100.0,1,0,0
CUST11015,CUST11015-BO1,13.7,0,0,0
CUST11015,CUST11015-BO2,50.9,1,0,0
CUST11015,CUST11015-BO3,7.5,0,0,0
CUST11015,CUST11015-BO4,27.9,1,0,0
CUST11018,CUST11018-BO1,48.6,1,0,0
CUST11018,CUST11018-BO2,36.4,1,0,0
CUST11018,CUST11018-BO3,6.4,0,0,0
CUST11018,CUST11018-BO4,8.6,0,0,0
CUST11022,CUST11022-BO1,56.2,1,0,0
CUST11022,CUST11022-BO2,2.8,0,0,0
CUST11022,CUST11022-BO3,29.7,1,0,0
CUST11022,CUST11022-BO4,11.4,0,0,0
CUST11023,CUST11023-BO1,11.8,0,0,0
CUST11023,CUST11023-BO2,39.4,1,0,0
CUST11023,CUST11023-BO3,8.7,0,0,1
CUST11023,CUST11023-BO4,40.1,1,0,0
CUST11024,CUST11024-BO1,48.4,1,0,0
CUST11024,CUST11024-BO2,36.8,1,0,0
CUST11024,CUST11024-BO3,14.8,0,0,0
CUST11026,CUST11026-BO1,100.0,1,0,0
CUST11027,CUST11027-BO1,23.4,0,0,0
CUST11027,CUST11027-BO2,29.4,1,0,0
CUST11027,CUST11027-BO3,0.5,0,0,0
CUST11027,CUST11027-BO4,46.7,1,0,0
CUST11029,CUST11029-BO1,40.8,1,0,0
CUST11029,CUST11029-BO2,2.0,0,0,0
CUST11029,CUST11029-BO3,42.7,1,0,0
CUST11029,CUST11029-BO4,14.5,0,1,0
CUST11037,CUST11037-BO1,2.3,0,0,0
CUST11037,CUST11037-BO2,49.4,1,0,0
CUST11037,CUST11037-BO3,48.4,1,0,1
CUST11041,CUST11041-BO1,100.0,1,0,0
CUST11044,CUST11044-BO1,12.3,0,0,0
CUST11044,CUST11044-BO2,26.6,1,0,0
CUST11044,CUST11044-BO3,53.7,1,0,0
CUST11044,CUST11044-BO4,7.4,0,0,0
CUST11048,CUST11048-BO1,58.2,1,0,0
CUST11048,CUST11048-BO2,11.5,0,0,0
CUST11048,CUST11048-BO3,5.7,0,1,1
CUST11048,CUST11048-BO4,24.6,0,0,0
CUST11050,CUST11050-BO1,100.0,1,0,0
CUST11052,CUST11052-BO1,26.0,1,0,0
CUST11052,CUST11052-BO2,51.4,1,0,0
CUST11052,CUST11052-BO3,3.5,0,1,0
CUST11052,CUST11052-BO4,19.1,0,0,0
CUST11053,CUST11053-BO1,2.8,0,0,0
CUST11053,CUST11053-BO2,0.3,0,0,1
CUST11053,CUST11053-BO3,97.0,1,0,0
CUST11054,CUST11054-BO1,27.0,1,0,0
CUST11054,CUST11054-BO2,60.0,1,0,0
CUST11054,CUST11054-BO3,5.6,0,0,0
CUST11054,CUST11054-BO4,7.4,0,0,0
CUST11056,CUST11056-BO1,14.3,0,0,0
CUST11056,CUST11056-BO2,80.1,1,0,0
CUST11056,CUST11056-BO3,5.6,0,0,0
CUST11060,CUST11060-BO1,35.2,1,0,0
CUST11060,CUST11060-BO2,64.8,1,0,0
CUST11061,CUST11061-BO1,46.0,1,0,0
CUST11061,CUST11061-BO2,5.5,0,0,0
CUST11061,CUST11061-BO3,46.2,1,0,0
CUST11061,CUST11061-BO4,2.3,0,0,0
CUST11062,CUST11062-BO1,100.0,1,1,1
CUST11065,CUST11065-BO1,3.6,0,0,0
CUST11065,CUST11065-BO2,20.5,0,0,0
CUST11065,CUST11065-BO3,52.8,1,0,0
CUST11065,CUST11065-BO4,23.1,0,0,1
CUST11074,CUST11074-BO1,61.1,1,0,1
CUST11074,CUST11074-BO2,31.1,1,0,0
CUST11074,CUST11074-BO3,7.8,0,0,0
CUST11079,CUST11079-BO1,100.0,1,0,1
CUST11080,CUST11080-BO1,100.0,1,0,1
CUST11083,CUST11083-BO1,100.0,1,0,0
CUST11084,CUST11084-BO1,100.0,1,0,0
CUST11088,CUST11088-BO1,7.2,0,0,0
CUST11088,CUST11088-BO2,16.1,0,0,0
CUST11088,CUST11088-BO3,41.4,1,0,0
CUST11088,CUST11088-BO4,35.3,1,0,0
CUST11090,CUST11090-BO1,32.5,1,0,0
CUST11090,CUST11090-BO2,26.4,1,0,0
CUST11090,CUST11090-BO3,28.3,1,0,0
CUST11090,CUST11090-BO4,12.8,0,0,0
CUST11098,CUST11098-BO1,10.6,0,1,0
CUST11098,CUST11098-BO2,12.1,0,0,0
CUST11098,CUST11098-BO3,16.5,0,0,0
CUST11098,CUST11098-BO4,60.8,1,0,0
CUST11101,CUST11101-BO1,75.2,1,0,0
CUST11101,CUST11101-BO2,6.5,0,0,0
CUST11101,CUST11101-BO3,18.3,0,0,0
CUST11102,CUST11102-BO1,74.4,1,0,0
CUST11102,CUST11102-BO2,25.6,1,0,0
CUST11103,CUST11103-BO1,4.4,0,0,0
CUST11103,CUST11103-BO2,31.8,1,0,0
CUST11103,CUST11103-BO3,20.1,0,1,0
CUST11103,CUST11103-BO4,43.7,1,0,0
CUST11104,CUST11104-BO1,8.8,0,0,0
CUST11104,CUST11104-BO2,91.2,1,1,0
CUST11107,CUST11107-BO1,74.2,1,0,0
CUST11107,CUST11107-BO2,25.8,1,0,0
CUST11110,CUST11110-BO1,21.1,0,0,1
CUST11110,CUST11110-BO2,37.6,1,0,0
CUST11110,CUST11110-BO3,41.3,1,0,0
CUST11110,CUST11110-BO4,0.1,0,0,0
CUST11117,CUST11117-BO1,100.0,1,0,1
CUST11120,CUST11120-BO1,10.2,0,0,0
CUST11120,CUST11120-BO2,89.8,1,0,0
CUST11121,CUST11121-BO1,11.8,0,0,0
CUST11121,CUST11121-BO2,9.4,0,0,0
CUST11121,CUST11121-BO3,78.9,1,1,0
CUST11122,CUST11122-BO1,100.0,1,0,0
CUST11123,CUST11123-BO1,100.0,1,0,0
CUST11130,CUST11130-BO1,33.0,1,0,0
CUST11130,CUST11130-BO2,30.5,1,0,0
CUST11130,CUST11130-BO3,33.3,1,0,0
CUST11130,CUST11130-BO4,3.2,0,0,1
CUST11136,CUST11136-BO1,59.7,1,0,0
CUST11136,CUST11136-BO2,35.2,1,0,0
CUST11136,CUST11136-BO3,5.1,0,0,1
CUST11140,CUST11140-BO1,100.0,1,0,0
CUST11145,CUST11145-BO1,57.6,1,0,0
CUST11145,CUST11145-BO2,1.5,0,0,0
CUST11145,CUST11145-BO3,4.8,0,0,0
CUST11145,CUST11145-BO4,36.1,1,0,0
CUST11146,CUST11146-BO1,100.0,1,0,0
CUST11148,CUST11148-BO1,85.6,1,0,0
CUST11148,CUST11148-BO2,14.4,0,0,0
CUST11149,CUST11149-BO1,40.4,1,0,0
CUST11149,CUST11149-BO2,55.2,1,0,0
CUST11149,CUST11149-BO3,4.4,0,0,0
CUST11151,CUST11151-BO1,0.6,0,0,0
CUST11151,CUST11151-BO2,99.4,1,0,0
CUST11155,CUST11155-BO1,100.0,1,0,0
CUST11157,CUST11157-BO1,49.6,1,1,0
CUST11157,CUST11157-BO2,17.7,0,0,1
CUST11157,CUST11157-BO3,23.8,0,0,0
CUST11157,CUST11157-BO4,8.9,0,1,0
CUST11158,CUST11158-BO1,33.7,1,0,0
CUST11158,CUST11158-BO2,55.0,1,0,0
CUST11158,CUST11158-BO3,11.3,0,0,0
CUST11160,CUST11160-BO1,52.2,1,0,0
CUST11160,CUST11160-BO2,47.8,1,0,0
CUST11163,CUST11163-BO1,39.5,1,0,1
CUST11163,CUST11163-BO2,19.1,0,0,1
CUST11163,CUST11163-BO3,41.4,1,0,0
CUST11165,CUST11165-BO1,7.0,0,0,0
CUST11165,CUST11165-BO2,12.7,0,0,0
CUST11165,CUST11165-BO3,12.0,0,0,0
CUST11165,CUST11165-BO4,68.4,1,0,0
CUST11166,CUST11166-BO1,17.8,0,0,0
CUST11166,CUST11166-BO2,4.3,0,0,0
CUST11166,CUST11166-BO3,78.0,1,0,0
CUST11171,CUST11171-BO1,67.3,1,0,0
CUST11171,CUST11171-BO2,32.7,1,0,0
CUST11176,CUST11176-BO1,67.6,1,0,0
CUST11176,CUST11176-BO2,30.2,1,0,0
CUST11176,CUST11176-BO3,2.2,0,0,0
CUST11178,CUST11178-BO1,26.4,1,0,0
CUST11178,CUST11178-BO2,73.6,1,0,0
CUST11180,CUST11180-BO1,30.1,1,0,0
CUST11180,CUST11180-BO2,41.9,1,0,0
CUST11180,CUST11180-BO3,18.6,0,0,0
CUST11180,CUST11180-BO4,9.4,0,0,0
CUST11183,CUST11183-BO1,100.0,1,0,0
CUST11185,CUST11185-BO1,14.9,0,0,0
CUST11185,CUST11185-BO2,85.1,1,0,0
CUST11195,CUST11195-BO1,100.0,1,0,0
CUST11196,CUST11196-BO1,100.0,1,0,0
CUST11197,CUST11197-BO1,100.0,1,0,0
CUST11198,CUST11198-BO1,100.0,1,1,1
